sample_id,cluster_label
0,0
1,1
2,1
3,0
4,0
5,1
6,1
7,0
8,1
9,0
10,0
11,1
12,1
13,1
14,0
15,0
16,1
17,1
18,0
19,0
20,0
21,0
22,0
23,1
24,0
25,1
26,1
27,0
28,1
29,0
30,1
31,1
32,1
33,1
34,0
35,0
36,0
37,0
38,0
39,0
40,0
41,1
42,1
43,1
44,0
45,1
46,1
47,0
48,0
49,0
50,1
51,1
52,1
53,1
54,0
55,0
56,1
57,1
58,1
59,1
60,0
61,0
62,0
63,1
64,0
65,0
66,1
67,1
68,1
69,1
70,0
71,0
72,0
73,1
74,1
75,0
76,1
77,1
78,0
79,0
80,0
81,1
82,0
83,1
84,0
85,1
86,0
87,0
88,1
89,1
90,1
91,0
92,1
93,1
94,1
95,1
96,0
97,0
98,1
99,1
100,0
101,0
102,0
103,1
104,1
105,1
106,1
107,0
108,0
109,1
110,1
111,0
112,0
113,0
114,1
115,0
116,0
117,0
118,1
119,1
120,1
121,1
122,1
123,1
124,0
125,1
126,1
127,1
128,1
129,1
130,0
131,0
132,1
133,0
134,1
135,1
136,0
137,1
138,1
139,0
140,1
141,1
142,0
143,1
144,1
145,0
146,0
147,0
148,0
149,0
150,0
151,0
152,0
153,1
154,1
155,0
156,1
157,1
158,0
159,1
160,1
161,0
162,0
163,1
164,0
165,1
166,1
167,1
168,1
169,0
170,1
171,0
172,1
173,1
174,0
175,0
176,0
177,1
178,1
179,1
180,1
181,0
182,1
183,1
184,1
185,1
186,0
187,1
188,0
189,1
190,1
191,1
192,0
193,1
194,0
195,1
196,1
197,0
198,1
199,1
200,1
201,0
202,0
203,0
204,1
205,0
206,1
207,1
208,1
209,1
210,1
211,1
212,0
213,1
214,1
215,0
216,0
217,0
218,1
219,1
220,0
221,0
222,1
223,0
224,0
225,0
226,0
227,0
228,1
229,0
230,1
231,0
232,1
233,1
234,0
235,0
236,0
237,1
238,0
239,1
240,0
241,0
242,0
243,1
244,1
245,1
246,0
247,0
248,0
249,0
250,1
251,1
252,0
253,1
254,1
255,0
256,1
257,0
258,0
259,1
260,1
261,0
262,1
263,0
264,0
265,1
266,1
267,1
268,0
269,1
270,1
271,0
272,1
273,0
274,1
275,1
276,1
277,0
278,1
279,1
280,1
281,1
282,0
283,0
284,1
285,0
286,0
287,1
288,1
289,0
290,1
291,0
292,1
293,0
294,1
295,1
296,0
297,0
298,0
299,0
300,1
301,1
302,1
303,0
304,0
305,0
306,1
307,0
308,1
309,0
310,1
311,0
312,1
313,1
314,1
315,0
316,1
317,1
318,1
319,0
320,0
321,1
322,0
323,1
324,1
325,0
326,0
327,1
328,0
329,1
330,0
331,1
332,1
333,1
334,1
335,0
336,1
337,1
338,0
339,0
340,1
341,1
342,0
343,0
344,0
345,1
346,0
347,0
348,1
349,1
350,0
351,1
352,1
353,1
354,0
355,1
356,0
357,1
358,1
359,0
360,1
361,0
362,0
363,1
364,1
365,1
366,0
367,1
368,1
369,0
370,1
371,1
372,0
373,0
374,1
375,1
376,0
377,1
378,1
379,0
380,1
381,1
382,0
383,0
384,0
385,0
386,0
387,0
388,1
389,0
390,1
391,1
392,0
393,1
394,0
395,0
396,0
397,0
398,0
399,0
400,0
401,1
402,0
403,0
404,1
405,1
406,0
407,0
408,0
409,0
410,0
411,1
412,0
413,1
414,1
415,1
416,0
417,0
418,0
419,1
420,1
421,1
422,0
423,0
424,1
425,0
426,1
427,1
428,0
429,0
430,0
431,1
432,0
433,1
434,0
435,1
436,1
437,0
438,0
439,0
440,0
441,1
442,1
443,1
444,1
445,0
446,0
447,0
448,1
449,0
450,0
451,1
452,1
453,1
454,1
455,0
456,1
457,0
458,0
459,0
460,0
461,1
462,0
463,0
464,0
465,0
466,1
467,1
468,0
469,0
470,0
471,0
472,0
473,0
474,1
475,1
476,1
477,0
478,1
479,1
480,1
481,0
482,0
483,1
484,0
485,0
486,1
487,1
488,0
489,1
490,1
491,0
492,0
493,1
494,0
495,0
496,1
497,0
498,1
499,1
500,0
501,1
502,1
503,1
504,1
505,1
506,0
507,0
508,0
509,0
510,1
511,1
512,0
513,0
514,0
515,1
516,0
517,0
518,1
519,0
520,0
521,1
522,1
523,1
524,0
525,1
526,0
527,0
528,0
529,0
530,1
531,1
532,1
533,0
534,0
535,0
536,1
537,0
538,0
539,1
540,0
541,1
542,0
543,0
544,1
545,0
546,1
547,1
548,1
549,1
550,0
551,0
552,1
553,1
554,1
555,1
556,1
557,0
558,0
559,0
560,1
561,1
562,1
563,0
564,0
565,1
566,0
567,1
568,0
569,0
570,0
571,1
572,0
573,0
574,1
575,1
576,0
577,0
578,0
579,1
580,1
581,1
582,1
583,1
584,0
585,1
586,1
587,1
588,1
589,0
590,0
591,1
592,1
593,1
594,0
595,1
596,0
597,0
598,1
599,1
600,0
601,1
602,1
603,0
604,1
605,0
606,1
607,0
608,1
609,1
610,0
611,0
612,1
613,1
614,0
615,1
616,0
617,0
618,1
619,1
620,1
621,0
622,1
623,0
624,1
625,0
626,1
627,1
628,0
629,1
630,0
631,0
632,0
633,1
634,1
635,0
636,1
637,1
638,1
639,0
640,1
641,0
642,0
643,0
644,0
645,0
646,1
647,1
648,1
649,0
650,0
651,1
652,0
653,0
654,1
655,0
656,1
657,1
658,0
659,0
660,1
661,0
662,1
663,1
664,0
665,0
666,0
667,1
668,1
669,0
670,0
671,0
672,0
673,0
674,1
675,1
676,1
677,1
678,1
679,1
680,0
681,1
682,0
683,1
684,0
685,0
686,0
687,0
688,1
689,1
690,1
691,0
692,0
693,1
694,0
695,0
696,0
697,0
698,0
699,0
700,1
701,1
702,0
703,0
704,0
705,0
706,0
707,0
708,0
709,1
710,0
711,0
712,0
713,0
714,1
715,1
716,1
717,0
718,0
719,1
720,0
721,0
722,0
723,0
724,1
725,0
726,1
727,1
728,1
729,1
730,1
731,1
732,1
733,0
734,1
735,1
736,1
737,1
738,1
739,1
740,0
741,0
742,0
743,0
744,0
745,1
746,1
747,0
748,0
749,1
750,1
751,0
752,1
753,0
754,1
755,0
756,0
757,1
758,1
759,1
760,1
761,1
762,0
763,0
764,1
765,0
766,1
767,1
768,0
769,0
770,0
771,0
772,0
773,1
774,1
775,0
776,1
777,1
778,0
779,0
780,0
781,1
782,0
783,0
784,0
785,1
786,0
787,0
788,1
789,0
790,0
791,0
792,0
793,0
794,1
795,0
796,1
797,0
798,0
799,1
800,0
801,0
802,1
803,1
804,1
805,1
806,1
807,0
808,1
809,1
810,1
811,1
812,0
813,0
814,0
815,1
816,0
817,0
818,0
819,0
820,1
821,1
822,1
823,0
824,0
825,1
826,1
827,0
828,0
829,0
830,1
831,0
832,0
833,0
834,1
835,0
836,0
837,1
838,0
839,0
840,1
841,1
842,0
843,1
844,0
845,1
846,0
847,1
848,1
849,1
850,0
851,0
852,1
853,1
854,1
855,1
856,1
857,1
858,1
859,1
860,0
861,0
862,0
863,0
864,1
865,0
866,1
867,0
868,0
869,1
870,0
871,0
872,1
873,1
874,0
875,1
876,0
877,1
878,0
879,0
880,1
881,0
882,0
883,0
884,1
885,1
886,0
887,1
888,0
889,0
890,1
891,1
892,0
893,1
894,0
895,1
896,0
897,0
898,1
899,1
900,1
901,0
902,1
903,0
904,1
905,1
906,1
907,1
908,0
909,1
910,1
911,1
912,0
913,0
914,0
915,0
916,1
917,0
918,0
919,1
920,1
921,0
922,1
923,0
924,0
925,1
926,1
927,0
928,1
929,0
930,0
931,1
932,0
933,1
934,0
935,1
936,1
937,0
938,0
939,0
940,1
941,1
942,1
943,0
944,0
945,0
946,0
947,1
948,1
949,0
950,1
951,0
952,1
953,0
954,0
955,0
956,1
957,0
958,0
959,0
960,1
961,0
962,0
963,0
964,1
965,0
966,0
967,1
968,0
969,0
970,0
971,0
972,1
973,0
974,1
975,0
976,1
977,1
978,0
979,1
980,1
981,1
982,0
983,1
984,0
985,0
986,1
987,0
988,1
989,0
990,0
991,0
992,1
993,1
994,0
995,1
996,1
997,0
998,1
999,0
1000,1
1001,0
1002,1
1003,0
1004,1
1005,0
1006,0
1007,0
1008,0
1009,1
1010,0
1011,1
1012,0
1013,0
1014,1
1015,0
1016,0
1017,0
1018,0
1019,1
1020,0
1021,1
1022,1
1023,1
1024,0
1025,1
1026,1
1027,0
1028,1
1029,0
1030,1
1031,1
1032,1
1033,1
1034,1
1035,0
1036,1
1037,1
1038,0
1039,0
1040,0
1041,0
1042,0
1043,0
1044,1
1045,1
1046,0
1047,1
1048,0
1049,1
1050,1
1051,1
1052,0
1053,1
1054,0
1055,0
1056,0
1057,1
1058,1
1059,1
1060,1
1061,0
1062,0
1063,0
1064,0
1065,1
1066,1
1067,0
1068,1
1069,0
1070,1
1071,0
1072,0
1073,0
1074,1
1075,1
1076,1
1077,1
1078,0
1079,0
1080,0
1081,0
1082,1
1083,0
1084,1
1085,0
1086,0
1087,1
1088,1
1089,1
1090,0
1091,1
1092,0
1093,0
1094,1
1095,1
1096,0
1097,0
1098,0
1099,1
1100,0
1101,0
1102,1
1103,1
1104,0
1105,0
1106,0
1107,1
1108,0
1109,0
1110,0
1111,0
1112,1
1113,0
1114,0
1115,0
1116,0
1117,0
1118,1
1119,1
1120,1
1121,0
1122,0
1123,1
1124,1
1125,0
1126,1
1127,1
1128,0
1129,0
1130,0
1131,0
1132,1
1133,0
1134,1
1135,0
1136,1
1137,0
1138,1
1139,0
1140,0
1141,1
1142,0
1143,1
1144,1
1145,0
1146,1
1147,1
1148,1
1149,1
1150,0
1151,0
1152,1
1153,0
1154,0
1155,1
1156,0
1157,1
1158,1
1159,1
1160,1
1161,1
1162,1
1163,0
1164,0
1165,0
1166,0
1167,1
1168,0
1169,1
1170,0
1171,0
1172,0
1173,1
1174,1
1175,1
1176,0
1177,0
1178,0
1179,1
1180,1
1181,0
1182,1
1183,0
1184,0
1185,1
1186,0
1187,0
1188,0
1189,1
1190,1
1191,1
1192,0
1193,0
1194,1
1195,1
1196,1
1197,0
1198,0
1199,0
1200,0
1201,1
1202,1
1203,1
1204,0
1205,0
1206,1
1207,1
1208,1
1209,0
1210,1
1211,0
1212,0
1213,1
1214,1
1215,1
1216,1
1217,0
1218,0
1219,0
1220,0
1221,1
1222,1
1223,1
1224,1
1225,0
1226,1
1227,1
1228,0
1229,1
1230,0
1231,1
1232,1
1233,1
1234,0
1235,0
1236,1
1237,0
1238,1
1239,0
1240,0
1241,1
1242,0
1243,1
1244,1
1245,1
1246,0
1247,1
1248,0
1249,1
1250,1
1251,1
1252,0
1253,1
1254,1
1255,1
1256,0
1257,1
1258,0
1259,1
1260,1
1261,0
1262,0
1263,1
1264,1
1265,1
1266,1
1267,1
1268,0
1269,1
1270,0
1271,1
1272,0
1273,0
1274,0
1275,0
1276,0
1277,0
1278,0
1279,0
1280,1
1281,0
1282,1
1283,1
1284,1
1285,1
1286,1
1287,0
1288,1
1289,0
1290,1
1291,1
1292,0
1293,1
1294,0
1295,1
1296,1
1297,1
1298,1
1299,0
1300,1
1301,1
1302,1
1303,1
1304,1
1305,1
1306,1
1307,1
1308,0
1309,0
1310,0
1311,1
1312,1
1313,1
1314,0
1315,0
1316,1
1317,1
1318,0
1319,1
1320,0
1321,1
1322,0
1323,0
1324,0
1325,0
1326,0
1327,0
1328,0
1329,1
1330,0
1331,1
1332,0
1333,0
1334,1
1335,1
1336,0
1337,0
1338,1
1339,0
1340,1
1341,0
1342,0
1343,0
1344,1
1345,0
1346,0
1347,0
1348,0
1349,1
1350,0
1351,0
1352,0
1353,1
1354,1
1355,1
1356,0
1357,1
1358,0
1359,1
1360,1
1361,1
1362,1
1363,0
1364,1
1365,0
1366,0
1367,0
1368,1
1369,0
1370,0
1371,0
1372,0
1373,0
1374,1
1375,1
1376,0
1377,1
1378,0
1379,0
1380,0
1381,0
1382,0
1383,0
1384,0
1385,0
1386,1
1387,1
1388,1
1389,0
1390,1
1391,1
1392,1
1393,0
1394,0
1395,0
1396,1
1397,0
1398,1
1399,0
1400,1
1401,0
1402,1
1403,1
1404,0
1405,1
1406,0
1407,0
1408,1
1409,1
1410,1
1411,0
1412,1
1413,1
1414,1
1415,1
1416,1
1417,0
1418,0
1419,0
1420,0
1421,0
1422,0
1423,1
1424,1
1425,1
1426,0
1427,1
1428,0
1429,0
1430,0
1431,0
1432,1
1433,0
1434,0
1435,0
1436,1
1437,1
1438,1
1439,1
1440,1
1441,0
1442,1
1443,1
1444,1
1445,0
1446,0
1447,1
1448,0
1449,1
1450,0
1451,1
1452,1
1453,1
1454,1
1455,0
1456,1
1457,1
1458,0
1459,1
1460,1
1461,0
1462,1
1463,1
1464,0
1465,1
1466,0
1467,0
1468,1
1469,0
1470,1
1471,1
1472,1
1473,0
1474,1
1475,0
1476,1
1477,1
1478,0
1479,0
1480,0
1481,1
1482,1
1483,0
1484,0
1485,0
1486,1
1487,0
1488,0
1489,0
1490,1
1491,1
1492,0
1493,0
1494,0
1495,0
1496,0
1497,1
1498,1
1499,0
1500,1
1501,1
1502,0
1503,1
1504,1
1505,0
1506,0
1507,0
1508,0
1509,0
1510,1
1511,1
1512,1
1513,1
1514,0
1515,0
1516,0
1517,1
1518,1
1519,0
1520,0
1521,0
1522,0
1523,0
1524,1
1525,0
1526,0
1527,0
1528,0
1529,1
1530,1
1531,1
1532,0
1533,1
1534,0
1535,0
1536,1
1537,1
1538,1
1539,1
1540,0
1541,1
1542,1
1543,0
1544,0
1545,0
1546,0
1547,1
1548,0
1549,0
1550,0
1551,0
1552,0
1553,1
1554,0
1555,1
1556,0
1557,1
1558,1
1559,0
1560,1
1561,1
1562,1
1563,1
1564,1
1565,1
1566,1
1567,0
1568,1
1569,1
1570,0
1571,1
1572,1
1573,0
1574,0
1575,0
1576,1
1577,1
1578,0
1579,1
1580,0
1581,1
1582,0
1583,0
1584,0
1585,0
1586,1
1587,0
1588,0
1589,0
1590,0
1591,0
1592,1
1593,0
1594,0
1595,1
1596,0
1597,1
1598,0
1599,0
1600,1
1601,0
1602,0
1603,1
1604,0
1605,0
1606,1
1607,0
1608,1
1609,0
1610,1
1611,0
1612,0
1613,0
1614,0
1615,0
1616,0
1617,1
1618,0
1619,0
1620,0
1621,0
1622,0
1623,1
1624,1
1625,0
1626,0
1627,1
1628,1
1629,0
1630,1
1631,0
1632,1
1633,0
1634,1
1635,0
1636,0
1637,0
1638,0
1639,0
1640,1
1641,1
1642,1
1643,1
1644,0
1645,1
1646,0
1647,1
1648,0
1649,0
1650,0
1651,0
1652,1
1653,0
1654,1
1655,0
1656,1
1657,0
1658,1
1659,0
1660,0
1661,1
1662,1
1663,1
1664,0
1665,1
1666,1
1667,1
1668,1
1669,1
1670,0
1671,0
1672,0
1673,0
1674,0
1675,0
1676,0
1677,0
1678,1
1679,0
1680,1
1681,0
1682,1
1683,0
1684,0
1685,1
1686,1
1687,0
1688,1
1689,1
1690,0
1691,1
1692,0
1693,0
1694,1
1695,0
1696,0
1697,1
1698,1
1699,1
1700,0
1701,1
1702,1
1703,0
1704,1
1705,1
1706,1
1707,0
1708,0
1709,0
1710,1
1711,0
1712,0
1713,1
1714,1
1715,1
1716,1
1717,0
1718,1
1719,0
1720,1
1721,1
1722,0
1723,0
1724,1
1725,1
1726,0
1727,1
1728,1
1729,0
1730,1
1731,1
1732,1
1733,0
1734,0
1735,1
1736,0
1737,0
1738,0
1739,1
1740,1
1741,0
1742,1
1743,1
1744,0
1745,1
1746,1
1747,1
1748,1
1749,1
1750,0
1751,1
1752,0
1753,0
1754,1
1755,0
1756,1
1757,0
1758,0
1759,1
1760,1
1761,0
1762,0
1763,0
1764,0
1765,1
1766,1
1767,0
1768,0
1769,0
1770,1
1771,0
1772,1
1773,0
1774,1
1775,1
1776,1
1777,0
1778,0
1779,1
1780,0
1781,1
1782,0
1783,1
1784,0
1785,0
1786,0
1787,0
1788,1
1789,1
1790,0
1791,1
1792,0
1793,1
1794,1
1795,1
1796,1
1797,0
1798,0
1799,1
1800,0
1801,0
1802,1
1803,0
1804,1
1805,0
1806,1
1807,1
1808,1
1809,1
1810,1
1811,1
1812,0
1813,0
1814,0
1815,1
1816,0
1817,0
1818,0
1819,1
1820,1
1821,0
1822,0
1823,0
1824,0
1825,1
1826,0
1827,0
1828,0
1829,0
1830,1
1831,0
1832,1
1833,0
1834,0
1835,0
1836,0
1837,0
1838,1
1839,1
1840,1
1841,0
1842,1
1843,0
1844,0
1845,0
1846,0
1847,0
1848,1
1849,1
1850,1
1851,1
1852,1
1853,0
1854,0
1855,1
1856,0
1857,0
1858,0
1859,0
1860,0
1861,0
1862,0
1863,1
1864,0
1865,0
1866,0
1867,0
1868,1
1869,0
1870,1
1871,1
1872,0
1873,1
1874,1
1875,1
1876,0
1877,1
1878,0
1879,1
1880,1
1881,0
1882,0
1883,0
1884,1
1885,0
1886,0
1887,0
1888,0
1889,0
1890,0
1891,0
1892,1
1893,1
1894,0
1895,1
1896,0
1897,1
1898,1
1899,1
1900,0
1901,1
1902,0
1903,0
1904,0
1905,0
1906,1
1907,0
1908,1
1909,1
1910,1
1911,0
1912,0
1913,1
1914,1
1915,1
1916,0
1917,0
1918,1
1919,0
1920,1
1921,1
1922,0
1923,1
1924,0
1925,1
1926,1
1927,1
1928,0
1929,0
1930,0
1931,1
1932,0
1933,0
1934,0
1935,0
1936,0
1937,1
1938,1
1939,1
1940,0
1941,1
1942,1
1943,0
1944,0
1945,1
1946,1
1947,0
1948,1
1949,1
1950,1
1951,1
1952,0
1953,0
1954,1
1955,0
1956,0
1957,0
1958,1
1959,1
1960,1
1961,0
1962,1
1963,0
1964,1
1965,1
1966,0
1967,0
1968,1
1969,0
1970,1
1971,1
1972,0
1973,1
1974,1
1975,1
1976,0
1977,1
1978,1
1979,1
1980,0
1981,0
1982,0
1983,0
1984,0
1985,0
1986,0
1987,1
1988,0
1989,1
1990,1
1991,1
1992,1
1993,1
1994,0
1995,0
1996,0
1997,1
1998,0
1999,1
2000,1
2001,0
2002,0
2003,0
2004,0
2005,0
2006,1
2007,0
2008,0
2009,0
2010,0
2011,1
2012,0
2013,1
2014,0
2015,1
2016,0
2017,1
2018,1
2019,1
2020,0
2021,0
2022,0
2023,1
2024,0
2025,1
2026,1
2027,0
2028,0
2029,0
2030,1
2031,0
2032,0
2033,0
2034,1
2035,1
2036,0
2037,1
2038,1
2039,1
2040,0
2041,1
2042,0
2043,1
2044,1
2045,0
2046,0
2047,0
2048,0
2049,1
2050,0
2051,0
2052,1
2053,0
2054,0
2055,1
2056,1
2057,0
2058,0
2059,0
2060,1
2061,0
2062,1
2063,1
2064,0
2065,1
2066,0
2067,0
2068,1
2069,1
2070,0
2071,0
2072,0
2073,0
2074,1
2075,0
2076,1
2077,0
2078,1
2079,1
2080,1
2081,1
2082,1
2083,0
2084,1
2085,1
2086,0
2087,1
2088,1
2089,1
2090,0
2091,1
2092,1
2093,1
2094,0
2095,1
2096,1
2097,1
2098,1
2099,0
2100,0
2101,1
2102,0
2103,1
2104,1
2105,0
2106,0
2107,1
2108,0
2109,0
2110,0
2111,0
2112,1
2113,0
2114,0
2115,0
2116,0
2117,0
2118,1
2119,1
2120,0
2121,0
2122,1
2123,0
2124,1
2125,0
2126,1
2127,0
2128,0
2129,0
2130,1
2131,1
2132,1
2133,1
2134,1
2135,0
2136,0
2137,0
2138,1
2139,1
2140,0
2141,1
2142,0
2143,0
2144,1
2145,0
2146,1
2147,1
2148,1
2149,1
2150,0
2151,1
2152,0
2153,0
2154,1
2155,1
2156,0
2157,0
2158,0
2159,0
2160,1
2161,1
2162,1
2163,0
2164,0
2165,0
2166,1
2167,1
2168,1
2169,1
2170,1
2171,1
2172,0
2173,0
2174,1
2175,0
2176,0
2177,1
2178,1
2179,0
2180,1
2181,1
2182,1
2183,1
2184,1
2185,0
2186,0
2187,0
2188,1
2189,0
2190,0
2191,1
2192,0
2193,1
2194,1
2195,0
2196,1
2197,1
2198,1
2199,0
2200,1
2201,0
2202,0
2203,0
2204,1
2205,0
2206,1
2207,0
2208,1
2209,1
2210,0
2211,0
2212,0
2213,1
2214,0
2215,1
2216,0
2217,1
2218,0
2219,0
2220,0
2221,1
2222,1
2223,1
2224,1
2225,1
2226,0
2227,1
2228,0
2229,1
2230,1
2231,0
2232,0
2233,1
2234,0
2235,1
2236,0
2237,1
2238,0
2239,1
2240,0
2241,1
2242,0
2243,1
2244,1
2245,0
2246,1
2247,0
2248,0
2249,0
2250,0
2251,0
2252,0
2253,1
2254,1
2255,0
2256,1
2257,0
2258,0
2259,0
2260,1
2261,0
2262,0
2263,1
2264,1
2265,1
2266,1
2267,1
2268,1
2269,1
2270,0
2271,1
2272,1
2273,1
2274,1
2275,0
2276,1
2277,1
2278,0
2279,1
2280,0
2281,0
2282,1
2283,1
2284,1
2285,0
2286,1
2287,0
2288,1
2289,0
2290,0
2291,0
2292,1
2293,1
2294,0
2295,1
2296,0
2297,1
2298,0
2299,1
2300,0
2301,1
2302,0
2303,1
2304,0
2305,1
2306,1
2307,1
2308,0
2309,0
2310,1
2311,1
2312,1
2313,0
2314,1
2315,0
2316,1
2317,0
2318,0
2319,1
2320,1
2321,0
2322,1
2323,1
2324,1
2325,0
2326,0
2327,1
2328,0
2329,0
2330,0
2331,1
2332,0
2333,1
2334,0
2335,0
2336,0
2337,1
2338,0
2339,1
2340,0
2341,0
2342,0
2343,1
2344,0
2345,0
2346,1
2347,1
2348,0
2349,1
2350,0
2351,0
2352,0
2353,0
2354,1
2355,1
2356,0
2357,1
2358,0
2359,0
2360,0
2361,0
2362,1
2363,0
2364,0
2365,1
2366,1
2367,1
2368,1
2369,0
2370,1
2371,0
2372,1
2373,0
2374,1
2375,0
2376,1
2377,1
2378,1
2379,1
2380,0
2381,0
2382,1
2383,1
2384,1
2385,1
2386,1
2387,0
2388,0
2389,0
2390,0
2391,1
2392,0
2393,1
2394,1
2395,0
2396,0
2397,1
2398,0
2399,0
2400,0
2401,1
2402,0
2403,1
2404,1
2405,0
2406,1
2407,0
2408,1
2409,0
2410,0
2411,0
2412,1
2413,1
2414,1
2415,0
2416,1
2417,0
2418,0
2419,0
2420,0
2421,0
2422,1
2423,0
2424,0
2425,1
2426,0
2427,0
2428,1
2429,1
2430,1
2431,0
2432,1
2433,1
2434,0
2435,0
2436,1
2437,1
2438,0
2439,0
2440,1
2441,1
2442,0
2443,1
2444,1
2445,0
2446,0
2447,1
2448,0
2449,1
2450,1
2451,1
2452,0
2453,1
2454,0
2455,1
2456,1
2457,0
2458,0
2459,1
2460,1
2461,1
2462,0
2463,1
2464,0
2465,0
2466,0
2467,0
2468,0
2469,0
2470,1
2471,0
2472,1
2473,0
2474,0
2475,0
2476,0
2477,1
2478,0
2479,0
2480,0
2481,0
2482,1
2483,0
2484,1
2485,0
2486,1
2487,0
2488,0
2489,0
2490,0
2491,1
2492,0
2493,0
2494,1
2495,1
2496,1
2497,0
2498,1
2499,0
2500,1
2501,0
2502,1
2503,1
2504,1
2505,0
2506,1
2507,0
2508,0
2509,0
2510,0
2511,0
2512,0
2513,0
2514,0
2515,0
2516,0
2517,1
2518,0
2519,0
2520,1
2521,0
2522,0
2523,1
2524,1
2525,1
2526,1
2527,0
2528,0
2529,1
2530,1
2531,0
2532,0
2533,0
2534,0
2535,0
2536,1
2537,1
2538,1
2539,0
2540,0
2541,0
2542,1
2543,1
2544,0
2545,0
2546,0
2547,1
2548,1
2549,0
2550,1
2551,0
2552,0
2553,0
2554,1
2555,1
2556,0
2557,1
2558,0
2559,1
2560,0
2561,1
2562,1
2563,0
2564,1
2565,1
2566,1
2567,1
2568,1
2569,0
2570,0
2571,1
2572,0
2573,0
2574,1
2575,0
2576,1
2577,0
2578,1
2579,1
2580,1
2581,0
2582,0
2583,1
2584,0
2585,0
2586,0
2587,0
2588,1
2589,1
2590,0
2591,0
2592,1
2593,1
2594,1
2595,1
2596,0
2597,0
2598,1
2599,1
2600,1
2601,1
2602,1
2603,0
2604,0
2605,1
2606,1
2607,0
2608,1
2609,1
2610,1
2611,1
2612,0
2613,0
2614,0
2615,1
2616,0
2617,1
2618,1
2619,0
2620,1
2621,1
2622,1
2623,0
2624,1
2625,1
2626,0
2627,1
2628,0
2629,1
2630,1
2631,1
2632,0
2633,1
2634,1
2635,0
2636,1
2637,0
2638,0
2639,1
2640,1
2641,0
2642,1
2643,1
2644,0
2645,1
2646,0
2647,1
2648,1
2649,0
2650,0
2651,1
2652,1
2653,1
2654,0
2655,1
2656,1
2657,0
2658,0
2659,0
2660,1
2661,0
2662,1
2663,0
2664,0
2665,1
2666,1
2667,0
2668,0
2669,0
2670,1
2671,1
2672,0
2673,1
2674,1
2675,0
2676,1
2677,0
2678,1
2679,0
2680,1
2681,0
2682,1
2683,0
2684,0
2685,0
2686,1
2687,1
2688,0
2689,0
2690,1
2691,1
2692,0
2693,0
2694,1
2695,1
2696,0
2697,1
2698,1
2699,1
2700,1
2701,1
2702,1
2703,1
2704,0
2705,1
2706,0
2707,1
2708,1
2709,1
2710,0
2711,0
2712,1
2713,1
2714,0
2715,1
2716,1
2717,0
2718,1
2719,1
2720,1
2721,0
2722,0
2723,1
2724,1
2725,1
2726,1
2727,1
2728,0
2729,1
2730,1
2731,0
2732,0
2733,1
2734,0
2735,1
2736,0
2737,1
2738,1
2739,1
2740,0
2741,1
2742,0
2743,1
2744,0
2745,0
2746,1
2747,1
2748,1
2749,1
2750,1
2751,0
2752,0
2753,0
2754,1
2755,1
2756,0
2757,1
2758,1
2759,1
2760,0
2761,0
2762,0
2763,1
2764,1
2765,1
2766,1
2767,1
2768,0
2769,0
2770,1
2771,0
2772,1
2773,1
2774,1
2775,0
2776,0
2777,0
2778,1
2779,0
2780,1
2781,1
2782,1
2783,0
2784,0
2785,1
2786,0
2787,0
2788,1
2789,1
2790,1
2791,1
2792,1
2793,1
2794,0
2795,0
2796,0
2797,0
2798,0
2799,0
2800,0
2801,0
2802,0
2803,1
2804,0
2805,0
2806,1
2807,0
2808,0
2809,1
2810,0
2811,1
2812,1
2813,1
2814,1
2815,0
2816,1
2817,0
2818,0
2819,1
2820,0
2821,1
2822,1
2823,1
2824,0
2825,0
2826,1
2827,1
2828,0
2829,1
2830,1
2831,1
2832,1
2833,0
2834,0
2835,0
2836,0
2837,0
2838,0
2839,0
2840,1
2841,1
2842,1
2843,0
2844,0
2845,0
2846,0
2847,0
2848,1
2849,1
2850,1
2851,1
2852,1
2853,1
2854,0
2855,1
2856,0
2857,1
2858,0
2859,1
2860,1
2861,1
2862,0
2863,1
2864,1
2865,1
2866,0
2867,0
2868,0
2869,1
2870,0
2871,0
2872,0
2873,1
2874,0
2875,1
2876,1
2877,0
2878,0
2879,1
2880,1
2881,0
2882,0
2883,1
2884,0
2885,0
2886,1
2887,1
2888,1
2889,0
2890,1
2891,1
2892,0
2893,0
2894,0
2895,1
2896,1
2897,0
2898,0
2899,1
2900,0
2901,1
2902,0
2903,1
2904,1
2905,1
2906,1
2907,1
2908,0
2909,1
2910,0
2911,0
2912,1
2913,0
2914,0
2915,0
2916,0
2917,1
2918,1
2919,0
2920,1
2921,1
2922,1
2923,0
2924,0
2925,1
2926,0
2927,1
2928,1
2929,0
2930,0
2931,1
2932,0
2933,0
2934,1
2935,1
2936,0
2937,1
2938,0
2939,0
2940,1
2941,1
2942,1
2943,0
2944,1
2945,1
2946,1
2947,0
2948,0
2949,0
2950,1
2951,0
2952,1
2953,1
2954,1
2955,1
2956,0
2957,0
2958,0
2959,1
2960,0
2961,0
2962,1
2963,1
2964,1
2965,1
2966,0
2967,0
2968,0
2969,1
2970,0
2971,1
2972,1
2973,1
2974,0
2975,1
2976,1
2977,0
2978,0
2979,1
2980,0
2981,0
2982,1
2983,0
2984,0
2985,1
2986,1
2987,0
2988,0
2989,0
2990,0
2991,0
2992,0
2993,1
2994,0
2995,0
2996,0
2997,1
2998,0
2999,0
3000,1
3001,0
3002,1
3003,1
3004,1
3005,0
3006,1
3007,0
3008,0
3009,0
3010,0
3011,1
3012,1
3013,0
3014,1
3015,1
3016,0
3017,0
3018,1
3019,0
3020,1
3021,0
3022,1
3023,0
3024,0
3025,0
3026,1
3027,0
3028,0
3029,0
3030,0
3031,1
3032,1
3033,0
3034,0
3035,1
3036,1
3037,0
3038,1
3039,1
3040,0
3041,0
3042,1
3043,1
3044,1
3045,0
3046,1
3047,0
3048,0
3049,1
3050,0
3051,0
3052,0
3053,0
3054,1
3055,0
3056,1
3057,0
3058,1
3059,1
3060,0
3061,0
3062,0
3063,1
3064,1
3065,1
3066,1
3067,0
3068,0
3069,1
3070,0
3071,0
3072,1
3073,0
3074,0
3075,1
3076,1
3077,0
3078,1
3079,0
3080,1
3081,0
3082,0
3083,1
3084,0
3085,1
3086,0
3087,0
3088,0
3089,0
3090,1
3091,0
3092,1
3093,1
3094,1
3095,1
3096,1
3097,0
3098,0
3099,0
3100,1
3101,0
3102,1
3103,1
3104,1
3105,1
3106,1
3107,0
3108,1
3109,0
3110,1
3111,1
3112,0
3113,1
3114,0
3115,1
3116,1
3117,1
3118,0
3119,1
3120,1
3121,0
3122,0
3123,0
3124,0
3125,1
3126,0
3127,1
3128,0
3129,1
3130,1
3131,1
3132,1
3133,0
3134,1
3135,0
3136,0
3137,0
3138,0
3139,1
3140,0
3141,1
3142,0
3143,1
3144,1
3145,1
3146,1
3147,1
3148,1
3149,1
3150,0
3151,0
3152,0
3153,0
3154,0
3155,1
3156,1
3157,1
3158,0
3159,0
3160,0
3161,0
3162,1
3163,0
3164,1
3165,0
3166,1
3167,1
3168,1
3169,0
3170,0
3171,1
3172,0
3173,0
3174,1
3175,1
3176,0
3177,1
3178,0
3179,1
3180,0
3181,0
3182,1
3183,1
3184,1
3185,0
3186,0
3187,1
3188,1
3189,0
3190,1
3191,1
3192,1
3193,0
3194,1
3195,1
3196,0
3197,1
3198,1
3199,0
3200,0
3201,0
3202,1
3203,1
3204,1
3205,0
3206,1
3207,0
3208,1
3209,1
3210,0
3211,1
3212,1
3213,0
3214,1
3215,0
3216,0
3217,0
3218,0
3219,1
3220,1
3221,0
3222,0
3223,1
3224,0
3225,0
3226,1
3227,0
3228,0
3229,1
3230,0
3231,1
3232,0
3233,0
3234,0
3235,0
3236,0
3237,1
3238,1
3239,1
3240,0
3241,0
3242,1
3243,1
3244,1
3245,1
3246,0
3247,0
3248,0
3249,1
3250,1
3251,0
3252,0
3253,0
3254,0
3255,1
3256,1
3257,1
3258,1
3259,1
3260,1
3261,0
3262,1
3263,1
3264,0
3265,0
3266,1
3267,1
3268,0
3269,0
3270,0
3271,1
3272,1
3273,0
3274,1
3275,1
3276,0
3277,0
3278,0
3279,1
3280,0
3281,1
3282,1
3283,0
3284,1
3285,1
3286,0
3287,1
3288,1
3289,0
3290,0
3291,1
3292,1
3293,1
3294,0
3295,0
3296,0
3297,1
3298,1
3299,1
3300,0
3301,1
3302,0
3303,1
3304,1
3305,1
3306,0
3307,0
3308,0
3309,1
3310,0
3311,1
3312,0
3313,0
3314,1
3315,0
3316,1
3317,0
3318,1
3319,0
3320,0
3321,1
3322,1
3323,0
3324,0
3325,1
3326,0
3327,0
3328,1
3329,1
3330,0
3331,0
3332,1
3333,1
3334,1
3335,1
3336,0
3337,0
3338,0
3339,1
3340,1
3341,0
3342,0
3343,0
3344,0
3345,1
3346,1
3347,1
3348,0
3349,1
3350,1
3351,0
3352,0
3353,0
3354,1
3355,1
3356,0
3357,1
3358,1
3359,1
3360,0
3361,1
3362,1
3363,0
3364,0
3365,0
3366,1
3367,1
3368,0
3369,1
3370,0
3371,1
3372,1
3373,0
3374,1
3375,1
3376,0
3377,1
3378,0
3379,0
3380,0
3381,0
3382,0
3383,1
3384,0
3385,0
3386,1
3387,0
3388,0
3389,0
3390,0
3391,1
3392,0
3393,0
3394,1
3395,1
3396,0
3397,1
3398,0
3399,1
3400,1
3401,1
3402,0
3403,1
3404,0
3405,1
3406,0
3407,0
3408,1
3409,0
3410,1
3411,0
3412,1
3413,0
3414,1
3415,1
3416,1
3417,0
3418,0
3419,0
3420,1
3421,1
3422,1
3423,0
3424,0
3425,1
3426,0
3427,0
3428,1
3429,1
3430,1
3431,0
3432,1
3433,1
3434,0
3435,0
3436,0
3437,1
3438,1
3439,0
3440,1
3441,1
3442,1
3443,0
3444,0
3445,1
3446,1
3447,0
3448,1
3449,0
3450,1
3451,1
3452,0
3453,1
3454,1
3455,1
3456,0
3457,1
3458,0
3459,0
3460,1
3461,1
3462,0
3463,1
3464,0
3465,1
3466,1
3467,1
3468,1
3469,1
3470,0
3471,0
3472,1
3473,0
3474,1
3475,1
3476,0
3477,0
3478,1
3479,1
3480,1
3481,0
3482,0
3483,0
3484,0
3485,0
3486,0
3487,1
3488,1
3489,1
3490,1
3491,0
3492,1
3493,0
3494,0
3495,1
3496,0
3497,0
3498,0
3499,1
3500,1
3501,0
3502,0
3503,1
3504,0
3505,0
3506,0
3507,0
3508,1
3509,0
3510,0
3511,0
3512,1
3513,1
3514,0
3515,0
3516,0
3517,1
3518,1
3519,1
3520,1
3521,0
3522,0
3523,1
3524,0
3525,1
3526,0
3527,1
3528,1
3529,0
3530,1
3531,1
3532,1
3533,1
3534,0
3535,0
3536,0
3537,1
3538,0
3539,1
3540,1
3541,1
3542,0
3543,0
3544,0
3545,1
3546,1
3547,1
3548,1
3549,0
3550,1
3551,0
3552,1
3553,0
3554,1
3555,1
3556,1
3557,0
3558,0
3559,0
3560,1
3561,0
3562,0
3563,1
3564,0
3565,0
3566,1
3567,1
3568,1
3569,1
3570,1
3571,0
3572,0
3573,0
3574,0
3575,0
3576,0
3577,1
3578,0
3579,1
3580,0
3581,1
3582,1
3583,1
3584,1
3585,1
3586,1
3587,1
3588,0
3589,0
3590,0
3591,1
3592,1
3593,0
3594,1
3595,1
3596,0
3597,0
3598,0
3599,1
3600,1
3601,1
3602,0
3603,0
3604,1
3605,0
3606,1
3607,0
3608,0
3609,1
3610,0
3611,0
3612,1
3613,1
3614,0
3615,0
3616,0
3617,0
3618,1
3619,0
3620,1
3621,0
3622,0
3623,0
3624,1
3625,0
3626,0
3627,0
3628,0
3629,1
3630,0
3631,0
3632,1
3633,1
3634,1
3635,1
3636,1
3637,1
3638,1
3639,0
3640,1
3641,0
3642,1
3643,1
3644,1
3645,1
3646,0
3647,0
3648,0
3649,1
3650,0
3651,1
3652,1
3653,1
3654,1
3655,1
3656,1
3657,0
3658,1
3659,0
3660,1
3661,0
3662,1
3663,0
3664,1
3665,0
3666,0
3667,0
3668,1
3669,1
3670,1
3671,0
3672,0
3673,1
3674,1
3675,1
3676,0
3677,0
3678,0
3679,1
3680,0
3681,1
3682,1
3683,0
3684,1
3685,1
3686,1
3687,1
3688,0
3689,0
3690,0
3691,0
3692,1
3693,0
3694,1
3695,1
3696,0
3697,0
3698,1
3699,0
3700,1
3701,0
3702,0
3703,0
3704,0
3705,1
3706,0
3707,1
3708,0
3709,1
3710,0
3711,0
3712,1
3713,1
3714,0
3715,1
3716,1
3717,0
3718,1
3719,0
3720,1
3721,1
3722,0
3723,1
3724,0
3725,1
3726,0
3727,1
3728,1
3729,1
3730,0
3731,1
3732,0
3733,1
3734,1
3735,1
3736,1
3737,0
3738,1
3739,0
3740,1
3741,1
3742,0
3743,1
3744,1
3745,1
3746,1
3747,0
3748,0
3749,0
3750,0
3751,0
3752,0
3753,0
3754,0
3755,1
3756,1
3757,1
3758,0
3759,1
3760,0
3761,0
3762,1
3763,0
3764,1
3765,1
3766,1
3767,1
3768,1
3769,1
3770,0
3771,1
3772,1
3773,1
3774,1
3775,1
3776,1
3777,0
3778,1
3779,1
3780,1
3781,1
3782,0
3783,0
3784,1
3785,0
3786,1
3787,0
3788,1
3789,0
3790,1
3791,0
3792,1
3793,1
3794,0
3795,0
3796,1
3797,0
3798,0
3799,1
3800,0
3801,0
3802,0
3803,0
3804,1
3805,0
3806,0
3807,0
3808,1
3809,1
3810,1
3811,1
3812,1
3813,0
3814,1
3815,0
3816,1
3817,0
3818,1
3819,1
3820,1
3821,0
3822,0
3823,0
3824,0
3825,0
3826,1
3827,0
3828,1
3829,0
3830,1
3831,1
3832,0
3833,0
3834,0
3835,0
3836,0
3837,0
3838,0
3839,1
3840,1
3841,1
3842,0
3843,1
3844,0
3845,0
3846,0
3847,0
3848,1
3849,0
3850,0
3851,0
3852,0
3853,0
3854,1
3855,1
3856,1
3857,0
3858,1
3859,1
3860,0
3861,1
3862,1
3863,1
3864,0
3865,1
3866,0
3867,1
3868,0
3869,0
3870,0
3871,1
3872,0
3873,1
3874,1
3875,0
3876,1
3877,0
3878,1
3879,1
3880,1
3881,0
3882,1
3883,0
3884,1
3885,1
3886,0
3887,1
3888,0
3889,1
3890,0
3891,0
3892,1
3893,0
3894,0
3895,1
3896,0
3897,1
3898,1
3899,0
3900,0
3901,0
3902,0
3903,0
3904,0
3905,0
3906,1
3907,0
3908,0
3909,0
3910,1
3911,0
3912,0
3913,0
3914,1
3915,0
3916,1
3917,1
3918,0
3919,1
3920,0
3921,0
3922,1
3923,1
3924,0
3925,0
3926,1
3927,0
3928,1
3929,0
3930,1
3931,0
3932,1
3933,1
3934,0
3935,0
3936,0
3937,1
3938,0
3939,0
3940,1
3941,0
3942,1
3943,0
3944,1
3945,1
3946,0
3947,1
3948,0
3949,1
3950,1
3951,0
3952,1
3953,0
3954,0
3955,1
3956,0
3957,0
3958,0
3959,0
3960,0
3961,1
3962,1
3963,1
3964,0
3965,0
3966,1
3967,0
3968,0
3969,1
3970,0
3971,0
3972,1
3973,0
3974,1
3975,0
3976,1
3977,0
3978,0
3979,1
3980,1
3981,1
3982,1
3983,0
3984,0
3985,0
3986,0
3987,1
3988,1
3989,0
3990,0
3991,1
3992,1
3993,0
3994,1
3995,1
3996,1
3997,0
3998,1
3999,1
4000,1
4001,1
4002,1
4003,0
4004,0
4005,1
4006,0
4007,1
4008,1
4009,1
4010,1
4011,0
4012,0
4013,1
4014,0
4015,1
4016,1
4017,1
4018,1
4019,0
4020,1
4021,1
4022,1
4023,0
4024,0
4025,1
4026,1
4027,0
4028,1
4029,0
4030,0
4031,1
4032,0
4033,1
4034,1
4035,1
4036,1
4037,0
4038,0
4039,0
4040,0
4041,1
4042,0
4043,0
4044,1
4045,1
4046,0
4047,0
4048,0
4049,1
4050,0
4051,1
4052,0
4053,0
4054,0
4055,1
4056,0
4057,0
4058,1
4059,0
4060,0
4061,0
4062,0
4063,1
4064,0
4065,0
4066,0
4067,0
4068,1
4069,1
4070,1
4071,1
4072,1
4073,1
4074,0
4075,1
4076,0
4077,0
4078,1
4079,1
4080,1
4081,0
4082,0
4083,1
4084,1
4085,0
4086,1
4087,0
4088,0
4089,1
4090,1
4091,1
4092,0
4093,1
4094,1
4095,0
4096,0
4097,0
4098,0
4099,1
4100,1
4101,1
4102,0
4103,0
4104,1
4105,1
4106,1
4107,1
4108,1
4109,0
4110,0
4111,0
4112,0
4113,0
4114,1
4115,1
4116,0
4117,0
4118,0
4119,1
4120,0
4121,1
4122,1
4123,1
4124,1
4125,0
4126,1
4127,1
4128,1
4129,1
4130,0
4131,1
4132,1
4133,1
4134,1
4135,0
4136,0
4137,1
4138,0
4139,1
4140,1
4141,1
4142,1
4143,1
4144,0
4145,0
4146,1
4147,0
4148,1
4149,0
4150,1
4151,0
4152,1
4153,1
4154,1
4155,1
4156,1
4157,0
4158,0
4159,0
4160,0
4161,0
4162,0
4163,0
4164,1
4165,1
4166,1
4167,0
4168,0
4169,0
4170,0
4171,1
4172,0
4173,1
4174,1
4175,1
4176,1
4177,1
4178,0
4179,0
4180,1
4181,0
4182,1
4183,0
4184,0
4185,1
4186,0
4187,0
4188,1
4189,1
4190,1
4191,1
4192,0
4193,1
4194,1
4195,1
4196,1
4197,1
4198,0
4199,1
4200,0
4201,1
4202,0
4203,0
4204,1
4205,0
4206,1
4207,1
4208,1
4209,0
4210,1
4211,0
4212,1
4213,1
4214,0
4215,1
4216,0
4217,0
4218,0
4219,1
4220,1
4221,1
4222,0
4223,0
4224,1
4225,0
4226,0
4227,1
4228,1
4229,0
4230,1
4231,1
4232,0
4233,1
4234,0
4235,0
4236,0
4237,1
4238,1
4239,1
4240,1
4241,1
4242,0
4243,1
4244,0
4245,0
4246,1
4247,0
4248,0
4249,0
4250,1
4251,0
4252,0
4253,0
4254,0
4255,0
4256,0
4257,1
4258,1
4259,0
4260,0
4261,0
4262,1
4263,1
4264,1
4265,0
4266,0
4267,1
4268,1
4269,1
4270,0
4271,0
4272,0
4273,1
4274,1
4275,1
4276,1
4277,0
4278,0
4279,1
4280,1
4281,1
4282,0
4283,0
4284,0
4285,1
4286,1
4287,0
4288,0
4289,0
4290,1
4291,1
4292,1
4293,0
4294,1
4295,0
4296,0
4297,1
4298,1
4299,0
4300,0
4301,0
4302,0
4303,1
4304,0
4305,1
4306,1
4307,1
4308,0
4309,1
4310,0
4311,0
4312,1
4313,1
4314,0
4315,1
4316,1
4317,0
4318,1
4319,1
4320,0
4321,0
4322,1
4323,1
4324,1
4325,1
4326,1
4327,1
4328,1
4329,0
4330,1
4331,0
4332,0
4333,0
4334,0
4335,0
4336,0
4337,1
4338,1
4339,1
4340,0
4341,0
4342,1
4343,0
4344,1
4345,1
4346,0
4347,0
4348,0
4349,1
4350,1
4351,1
4352,0
4353,1
4354,1
4355,0
4356,0
4357,1
4358,1
4359,1
4360,0
4361,1
4362,0
4363,1
4364,1
4365,0
4366,1
4367,0
4368,0
4369,0
4370,1
4371,0
4372,0
4373,1
4374,1
4375,1
4376,0
4377,1
4378,1
4379,0
4380,0
4381,0
4382,1
4383,1
4384,0
4385,0
4386,1
4387,0
4388,0
4389,1
4390,0
4391,0
4392,1
4393,0
4394,1
4395,0
4396,1
4397,0
4398,0
4399,0
4400,1
4401,1
4402,1
4403,1
4404,0
4405,1
4406,0
4407,0
4408,0
4409,1
4410,0
4411,0
4412,1
4413,0
4414,0
4415,1
4416,0
4417,0
4418,0
4419,1
4420,1
4421,0
4422,0
4423,0
4424,1
4425,0
4426,1
4427,0
4428,0
4429,1
4430,1
4431,0
4432,1
4433,1
4434,1
4435,0
4436,1
4437,0
4438,0
4439,1
4440,1
4441,1
4442,0
4443,1
4444,1
4445,1
4446,1
4447,0
4448,0
4449,1
4450,1
4451,0
4452,1
4453,1
4454,0
4455,1
4456,1
4457,1
4458,0
4459,1
4460,0
4461,1
4462,0
4463,0
4464,0
4465,1
4466,0
4467,0
4468,0
4469,1
4470,1
4471,0
4472,0
4473,0
4474,1
4475,1
4476,1
4477,0
4478,0
4479,0
4480,0
4481,0
4482,0
4483,1
4484,0
4485,1
4486,1
4487,0
4488,1
4489,1
4490,0
4491,1
4492,1
4493,1
4494,0
4495,0
4496,0
4497,1
4498,1
4499,0
4500,0
4501,0
4502,1
4503,0
4504,1
4505,1
4506,0
4507,0
4508,1
4509,0
4510,0
4511,1
4512,1
4513,0
4514,0
4515,1
4516,1
4517,1
4518,0
4519,0
4520,0
4521,1
4522,1
4523,1
4524,0
4525,1
4526,1
4527,1
4528,0
4529,0
4530,0
4531,1
4532,1
4533,0
4534,0
4535,1
4536,0
4537,1
4538,1
4539,0
4540,0
4541,1
4542,0
4543,0
4544,0
4545,0
4546,0
4547,0
4548,0
4549,0
4550,0
4551,1
4552,0
4553,1
4554,1
4555,0
4556,0
4557,0
4558,0
4559,1
4560,0
4561,1
4562,0
4563,1
4564,1
4565,0
4566,1
4567,1
4568,0
4569,0
4570,1
4571,0
4572,0
4573,0
4574,1
4575,0
4576,1
4577,1
4578,0
4579,0
4580,0
4581,0
4582,0
4583,0
4584,1
4585,1
4586,1
4587,0
4588,1
4589,1
4590,0
4591,1
4592,1
4593,1
4594,0
4595,0
4596,1
4597,1
4598,1
4599,1
4600,1
4601,0
4602,0
4603,0
4604,1
4605,0
4606,1
4607,1
4608,1
4609,1
4610,0
4611,0
4612,0
4613,1
4614,1
4615,0
4616,1
4617,0
4618,1
4619,1
4620,0
4621,0
4622,0
4623,1
4624,1
4625,0
4626,1
4627,1
4628,1
4629,0
4630,0
4631,1
4632,1
4633,1
4634,1
4635,0
4636,1
4637,0
4638,0
4639,1
4640,1
4641,0
4642,0
4643,1
4644,0
4645,0
4646,0
4647,1
4648,0
4649,0
4650,1
4651,0
4652,1
4653,0
4654,0
4655,0
4656,0
4657,1
4658,0
4659,0
4660,0
4661,1
4662,1
4663,0
4664,0
4665,1
4666,1
4667,0
4668,0
4669,1
4670,0
4671,0
4672,0
4673,0
4674,1
4675,1
4676,1
4677,0
4678,0
4679,0
4680,1
4681,1
4682,0
4683,0
4684,1
4685,0
4686,0
4687,1
4688,0
4689,1
4690,1
4691,0
4692,0
4693,0
4694,0
4695,0
4696,1
4697,1
4698,0
4699,0
4700,1
4701,1
4702,1
4703,1
4704,1
4705,0
4706,0
4707,0
4708,0
4709,1
4710,1
4711,1
4712,1
4713,0
4714,1
4715,1
4716,0
4717,0
4718,1
4719,0
4720,0
4721,0
4722,1
4723,0
4724,1
4725,0
4726,1
4727,1
4728,1
4729,0
4730,1
4731,1
4732,1
4733,0
4734,0
4735,1
4736,0
4737,0
4738,0
4739,0
4740,0
4741,0
4742,1
4743,0
4744,0
4745,0
4746,1
4747,0
4748,0
4749,1
4750,1
4751,0
4752,0
4753,0
4754,0
4755,0
4756,0
4757,0
4758,0
4759,1
4760,1
4761,0
4762,1
4763,0
4764,0
4765,0
4766,1
4767,0
4768,1
4769,0
4770,1
4771,0
4772,1
4773,0
4774,0
4775,1
4776,0
4777,0
4778,1
4779,1
4780,1
4781,0
4782,1
4783,1
4784,1
4785,1
4786,1
4787,1
4788,0
4789,1
4790,0
4791,0
4792,1
4793,1
4794,0
4795,0
4796,1
4797,0
4798,0
4799,1
4800,1
4801,1
4802,1
4803,0
4804,1
4805,0
4806,0
4807,1
4808,0
4809,1
4810,0
4811,1
4812,0
4813,1
4814,1
4815,1
4816,1
4817,1
4818,0
4819,1
4820,1
4821,1
4822,0
4823,0
4824,1
4825,0
4826,1
4827,1
4828,0
4829,1
4830,1
4831,1
4832,0
4833,0
4834,0
4835,0
4836,1
4837,0
4838,1
4839,1
4840,0
4841,0
4842,0
4843,0
4844,0
4845,1
4846,0
4847,0
4848,1
4849,0
4850,0
4851,1
4852,1
4853,1
4854,0
4855,0
4856,1
4857,0
4858,1
4859,1
4860,1
4861,1
4862,1
4863,0
4864,0
4865,0
4866,1
4867,0
4868,0
4869,0
4870,0
4871,0
4872,1
4873,0
4874,1
4875,0
4876,0
4877,1
4878,1
4879,1
4880,1
4881,0
4882,0
4883,1
4884,0
4885,0
4886,0
4887,1
4888,0
4889,1
4890,0
4891,0
4892,0
4893,1
4894,1
4895,1
4896,0
4897,0
4898,0
4899,0
4900,1
4901,1
4902,1
4903,0
4904,1
4905,0
4906,0
4907,0
4908,1
4909,0
4910,0
4911,0
4912,0
4913,0
4914,1
4915,1
4916,1
4917,0
4918,0
4919,0
4920,1
4921,1
4922,1
4923,1
4924,0
4925,0
4926,0
4927,1
4928,1
4929,0
4930,0
4931,0
4932,1
4933,1
4934,0
4935,0
4936,1
4937,0
4938,1
4939,1
4940,0
4941,1
4942,1
4943,0
4944,1
4945,0
4946,0
4947,1
4948,1
4949,0
4950,0
4951,1
4952,0
4953,0
4954,0
4955,1
4956,0
4957,1
4958,0
4959,0
4960,1
4961,1
4962,1
4963,1
4964,0
4965,1
4966,1
4967,0
4968,1
4969,0
4970,0
4971,1
4972,1
4973,0
4974,0
4975,0
4976,0
4977,1
4978,1
4979,0
4980,1
4981,0
4982,0
4983,1
4984,0
4985,1
4986,1
4987,1
4988,0
4989,0
4990,1
4991,1
4992,0
4993,0
4994,0
4995,1
4996,0
4997,0
4998,0
4999,1
5000,0
5001,0
5002,1
5003,1
5004,1
5005,1
5006,0
5007,1
5008,0
5009,0
5010,0
5011,1
5012,1
5013,0
5014,1
5015,1
5016,0
5017,1
5018,1
5019,1
5020,0
5021,1
5022,1
5023,1
5024,1
5025,0
5026,0
5027,0
5028,1
5029,1
5030,0
5031,1
5032,1
5033,1
5034,0
5035,1
5036,1
5037,0
5038,1
5039,0
5040,0
5041,0
5042,0
5043,0
5044,1
5045,1
5046,0
5047,0
5048,0
5049,1
5050,0
5051,1
5052,1
5053,1
5054,0
5055,1
5056,1
5057,0
5058,1
5059,1
5060,1
5061,0
5062,1
5063,1
5064,1
5065,1
5066,0
5067,1
5068,1
5069,0
5070,1
5071,0
5072,1
5073,1
5074,0
5075,0
5076,0
5077,1
5078,0
5079,1
5080,0
5081,0
5082,0
5083,1
5084,0
5085,1
5086,0
5087,0
5088,1
5089,0
5090,0
5091,1
5092,1
5093,0
5094,1
5095,0
5096,1
5097,0
5098,1
5099,1
5100,1
5101,0
5102,0
5103,1
5104,1
5105,0
5106,1
5107,0
5108,0
5109,0
5110,0
5111,0
5112,0
5113,0
5114,1
5115,0
5116,0
5117,0
5118,0
5119,1
5120,0
5121,0
5122,1
5123,0
5124,0
5125,1
5126,0
5127,1
5128,0
5129,1
5130,1
5131,0
5132,0
5133,0
5134,0
5135,0
5136,1
5137,0
5138,1
5139,0
5140,0
5141,1
5142,0
5143,1
5144,1
5145,1
5146,1
5147,0
5148,1
5149,0
5150,0
5151,0
5152,1
5153,1
5154,0
5155,0
5156,0
5157,1
5158,0
5159,0
5160,1
5161,0
5162,0
5163,0
5164,1
5165,1
5166,1
5167,1
5168,0
5169,1
5170,0
5171,1
5172,1
5173,0
5174,1
5175,0
5176,0
5177,0
5178,0
5179,0
5180,1
5181,1
5182,1
5183,1
5184,0
5185,0
5186,1
5187,0
5188,0
5189,0
5190,0
5191,0
5192,1
5193,1
5194,0
5195,0
5196,1
5197,1
5198,0
5199,0
5200,0
5201,1
5202,0
5203,0
5204,0
5205,1
5206,0
5207,1
5208,0
5209,1
5210,0
5211,0
5212,0
5213,0
5214,0
5215,0
5216,0
5217,0
5218,0
5219,1
5220,1
5221,1
5222,0
5223,0
5224,1
5225,1
5226,1
5227,1
5228,0
5229,1
5230,1
5231,1
5232,0
5233,1
5234,0
5235,1
5236,0
5237,1
5238,1
5239,0
5240,0
5241,1
5242,1
5243,1
5244,1
5245,1
5246,1
5247,0
5248,0
5249,1
5250,1
5251,0
5252,1
5253,1
5254,0
5255,0
5256,1
5257,0
5258,0
5259,0
5260,1
5261,0
5262,0
5263,0
5264,1
5265,1
5266,0
5267,0
5268,1
5269,0
5270,1
5271,0
5272,0
5273,1
5274,1
5275,1
5276,1
5277,0
5278,1
5279,1
5280,1
5281,0
5282,0
5283,0
5284,1
5285,1
5286,1
5287,1
5288,1
5289,0
5290,0
5291,0
5292,1
5293,0
5294,1
5295,0
5296,0
5297,0
5298,1
5299,0
5300,0
5301,0
5302,0
5303,1
5304,1
5305,0
5306,1
5307,0
5308,1
5309,1
5310,0
5311,1
5312,1
5313,1
5314,0
5315,0
5316,0
5317,1
5318,0
5319,0
5320,1
5321,0
5322,0
5323,0
5324,1
5325,1
5326,0
5327,0
5328,1
5329,0
5330,0
5331,0
5332,1
5333,1
5334,1
5335,0
5336,1
5337,1
5338,0
5339,0
5340,0
5341,0
5342,0
5343,1
5344,0
5345,1
5346,0
5347,0
5348,0
5349,0
5350,0
5351,0
5352,0
5353,0
5354,1
5355,0
5356,0
5357,1
5358,0
5359,0
5360,0
5361,1
5362,0
5363,1
5364,0
5365,1
5366,1
5367,0
5368,1
5369,0
5370,0
5371,1
5372,0
5373,1
5374,1
5375,0
5376,1
5377,1
5378,1
5379,1
5380,1
5381,1
5382,1
5383,0
5384,0
5385,0
5386,0
5387,1
5388,0
5389,1
5390,0
5391,0
5392,1
5393,1
5394,0
5395,0
5396,1
5397,1
5398,0
5399,0
5400,0
5401,1
5402,1
5403,0
5404,0
5405,0
5406,0
5407,0
5408,0
5409,0
5410,0
5411,1
5412,1
5413,1
5414,1
5415,0
5416,0
5417,0
5418,1
5419,0
5420,1
5421,1
5422,1
5423,1
5424,1
5425,1
5426,0
5427,0
5428,0
5429,1
5430,1
5431,0
5432,1
5433,1
5434,0
5435,0
5436,1
5437,1
5438,0
5439,0
5440,0
5441,1
5442,0
5443,0
5444,1
5445,0
5446,1
5447,1
5448,0
5449,0
5450,1
5451,1
5452,1
5453,0
5454,0
5455,1
5456,1
5457,0
5458,1
5459,1
5460,1
5461,0
5462,0
5463,0
5464,1
5465,1
5466,0
5467,0
5468,0
5469,0
5470,0
5471,1
5472,1
5473,1
5474,1
5475,1
5476,0
5477,0
5478,0
5479,0
5480,1
5481,1
5482,0
5483,1
5484,1
5485,0
5486,1
5487,1
5488,1
5489,1
5490,1
5491,0
5492,1
5493,0
5494,0
5495,1
5496,0
5497,0
5498,1
5499,0
5500,0
5501,0
5502,0
5503,0
5504,0
5505,0
5506,1
5507,0
5508,0
5509,1
5510,0
5511,1
5512,0
5513,1
5514,0
5515,0
5516,0
5517,1
5518,0
5519,1
5520,1
5521,0
5522,1
5523,0
5524,0
5525,1
5526,1
5527,1
5528,1
5529,1
5530,0
5531,0
5532,1
5533,1
5534,1
5535,1
5536,1
5537,1
5538,1
5539,1
5540,1
5541,1
5542,1
5543,1
5544,1
5545,0
5546,0
5547,1
5548,1
5549,1
5550,1
5551,1
5552,0
5553,0
5554,1
5555,0
5556,0
5557,1
5558,1
5559,0
5560,1
5561,1
5562,1
5563,0
5564,0
5565,0
5566,1
5567,0
5568,1
5569,1
5570,1
5571,1
5572,1
5573,0
5574,1
5575,0
5576,1
5577,0
5578,0
5579,0
5580,0
5581,1
5582,0
5583,1
5584,0
5585,0
5586,1
5587,1
5588,1
5589,0
5590,1
5591,0
5592,0
5593,0
5594,0
5595,1
5596,0
5597,1
5598,0
5599,0
5600,0
5601,0
5602,1
5603,1
5604,1
5605,0
5606,1
5607,1
5608,1
5609,1
5610,0
5611,0
5612,1
5613,1
5614,0
5615,1
5616,0
5617,0
5618,1
5619,1
5620,0
5621,0
5622,1
5623,0
5624,0
5625,0
5626,1
5627,0
5628,1
5629,1
5630,0
5631,1
5632,0
5633,0
5634,1
5635,1
5636,1
5637,0
5638,1
5639,1
5640,1
5641,1
5642,0
5643,0
5644,1
5645,1
5646,1
5647,1
5648,0
5649,0
5650,1
5651,1
5652,1
5653,1
5654,0
5655,1
5656,0
5657,1
5658,0
5659,0
5660,1
5661,1
5662,0
5663,1
5664,1
5665,1
5666,1
5667,1
5668,0
5669,1
5670,1
5671,1
5672,0
5673,1
5674,1
5675,0
5676,0
5677,0
5678,1
5679,1
5680,0
5681,1
5682,0
5683,1
5684,1
5685,0
5686,1
5687,1
5688,0
5689,0
5690,0
5691,1
5692,1
5693,0
5694,1
5695,0
5696,1
5697,1
5698,0
5699,1
5700,0
5701,1
5702,0
5703,0
5704,0
5705,1
5706,0
5707,0
5708,1
5709,1
5710,1
5711,1
5712,1
5713,1
5714,1
5715,0
5716,0
5717,0
5718,1
5719,0
5720,0
5721,1
5722,1
5723,1
5724,0
5725,0
5726,0
5727,1
5728,0
5729,1
5730,0
5731,0
5732,1
5733,1
5734,1
5735,0
5736,1
5737,1
5738,1
5739,1
5740,1
5741,0
5742,0
5743,1
5744,0
5745,1
5746,0
5747,1
5748,1
5749,0
5750,0
5751,0
5752,0
5753,0
5754,1
5755,0
5756,1
5757,0
5758,1
5759,0
5760,1
5761,0
5762,0
5763,1
5764,1
5765,1
5766,1
5767,0
5768,1
5769,0
5770,1
5771,0
5772,1
5773,1
5774,0
5775,1
5776,0
5777,1
5778,1
5779,1
5780,1
5781,0
5782,1
5783,1
5784,1
5785,0
5786,1
5787,0
5788,0
5789,0
5790,1
5791,1
5792,0
5793,1
5794,0
5795,0
5796,0
5797,0
5798,0
5799,0
5800,0
5801,0
5802,0
5803,0
5804,0
5805,0
5806,1
5807,1
5808,0
5809,0
5810,0
5811,1
5812,0
5813,1
5814,1
5815,0
5816,0
5817,0
5818,1
5819,1
5820,1
5821,0
5822,1
5823,0
5824,0
5825,0
5826,0
5827,0
5828,0
5829,0
5830,1
5831,1
5832,1
5833,1
5834,0
5835,1
5836,1
5837,0
5838,1
5839,1
5840,1
5841,0
5842,1
5843,1
5844,0
5845,1
5846,0
5847,0
5848,0
5849,0
5850,0
5851,1
5852,1
5853,1
5854,0
5855,0
5856,0
5857,1
5858,0
5859,1
5860,0
5861,1
5862,0
5863,0
5864,1
5865,0
5866,0
5867,1
5868,0
5869,0
5870,0
5871,1
5872,0
5873,1
5874,1
5875,0
5876,1
5877,0
5878,0
5879,0
5880,0
5881,0
5882,0
5883,0
5884,0
5885,0
5886,0
5887,1
5888,1
5889,0
5890,1
5891,1
5892,1
5893,1
5894,0
5895,1
5896,1
5897,1
5898,0
5899,0
5900,0
5901,1
5902,1
5903,0
5904,1
5905,0
5906,0
5907,1
5908,1
5909,0
5910,0
5911,0
5912,1
5913,1
5914,0
5915,0
5916,1
5917,1
5918,1
5919,0
5920,1
5921,1
5922,1
5923,1
5924,1
5925,1
5926,0
5927,0
5928,0
5929,0
5930,1
5931,1
5932,0
5933,1
5934,1
5935,0
5936,1
5937,0
5938,1
5939,0
5940,0
5941,1
5942,1
5943,0
5944,0
5945,1
5946,0
5947,1
5948,0
5949,1
5950,1
5951,0
5952,0
5953,0
5954,0
5955,1
5956,1
5957,1
5958,1
5959,0
5960,1
5961,1
5962,1
5963,0
5964,1
5965,0
5966,0
5967,1
5968,1
5969,0
5970,0
5971,1
5972,1
5973,0
5974,0
5975,0
5976,0
5977,1
5978,0
5979,0
5980,0
5981,1
5982,1
5983,1
5984,1
5985,0
5986,1
5987,0
5988,0
5989,0
5990,0
5991,0
5992,1
5993,1
5994,1
5995,1
5996,1
5997,1
5998,0
5999,1
6000,0
6001,0
6002,1
6003,1
6004,0
6005,1
6006,0
6007,1
6008,0
6009,0
6010,1
6011,0
6012,0
6013,1
6014,0
6015,0
6016,0
6017,1
6018,0
6019,1
6020,1
6021,0
6022,1
6023,1
6024,1
6025,1
6026,0
6027,1
6028,1
6029,1
6030,1
6031,0
6032,0
6033,0
6034,0
6035,0
6036,1
6037,1
6038,1
6039,0
6040,0
6041,1
6042,1
6043,0
6044,1
6045,1
6046,1
6047,1
6048,1
6049,1
6050,0
6051,0
6052,0
6053,1
6054,0
6055,0
6056,1
6057,0
6058,0
6059,1
6060,1
6061,0
6062,0
6063,1
6064,0
6065,0
6066,0
6067,1
6068,1
6069,1
6070,1
6071,1
6072,0
6073,1
6074,1
6075,0
6076,0
6077,1
6078,0
6079,1
6080,1
6081,1
6082,0
6083,1
6084,1
6085,1
6086,0
6087,0
6088,1
6089,1
6090,0
6091,0
6092,1
6093,1
6094,0
6095,1
6096,1
6097,1
6098,1
6099,1
6100,0
6101,0
6102,1
6103,1
6104,1
6105,0
6106,1
6107,1
6108,0
6109,1
6110,1
6111,1
6112,1
6113,1
6114,1
6115,0
6116,1
6117,0
6118,0
6119,0
6120,1
6121,1
6122,0
6123,1
6124,1
6125,0
6126,1
6127,1
6128,1
6129,0
6130,1
6131,1
6132,1
6133,1
6134,1
6135,1
6136,0
6137,0
6138,0
6139,0
6140,1
6141,0
6142,0
6143,1
6144,0
6145,1
6146,1
6147,0
6148,0
6149,1
6150,1
6151,0
6152,0
6153,1
6154,1
6155,1
6156,1
6157,0
6158,1
6159,0
6160,1
6161,0
6162,0
6163,1
6164,0
6165,1
6166,1
6167,1
6168,1
6169,1
6170,1
6171,1
6172,0
6173,0
6174,1
6175,1
6176,1
6177,1
6178,1
6179,0
6180,0
6181,0
6182,0
6183,0
6184,0
6185,1
6186,0
6187,0
6188,1
6189,0
6190,1
6191,0
6192,0
6193,0
6194,1
6195,0
6196,1
6197,1
6198,0
6199,1
6200,1
6201,0
6202,1
6203,1
6204,0
6205,0
6206,1
6207,1
6208,1
6209,0
6210,1
6211,1
6212,0
6213,1
6214,1
6215,1
6216,0
6217,0
6218,0
6219,1
6220,1
6221,1
6222,0
6223,0
6224,0
6225,1
6226,1
6227,1
6228,1
6229,1
6230,0
6231,0
6232,0
6233,0
6234,1
6235,1
6236,1
6237,1
6238,0
6239,1
6240,1
6241,0
6242,1
6243,0
6244,0
6245,1
6246,0
6247,0
6248,0
6249,0
6250,1
6251,0
6252,0
6253,0
6254,0
6255,1
6256,1
6257,0
6258,0
6259,0
6260,0
6261,1
6262,0
6263,1
6264,0
6265,0
6266,1
6267,0
6268,0
6269,0
6270,1
6271,1
6272,0
6273,0
6274,1
6275,1
6276,0
6277,0
6278,1
6279,0
6280,1
6281,0
6282,1
6283,1
6284,1
6285,1
6286,0
6287,1
6288,0
6289,1
6290,1
6291,0
6292,0
6293,0
6294,0
6295,1
6296,0
6297,1
6298,0
6299,0
6300,0
6301,1
6302,1
6303,0
6304,0
6305,0
6306,1
6307,1
6308,1
6309,1
6310,1
6311,0
6312,0
6313,1
6314,0
6315,1
6316,0
6317,1
6318,1
6319,0
6320,1
6321,0
6322,1
6323,1
6324,0
6325,0
6326,0
6327,1
6328,0
6329,0
6330,1
6331,1
6332,1
6333,1
6334,1
6335,0
6336,0
6337,0
6338,0
6339,1
6340,0
6341,0
6342,1
6343,1
6344,0
6345,1
6346,1
6347,0
6348,0
6349,0
6350,0
6351,1
6352,0
6353,0
6354,1
6355,1
6356,0
6357,1
6358,0
6359,0
6360,0
6361,0
6362,0
6363,0
6364,1
6365,1
6366,1
6367,0
6368,0
6369,0
6370,1
6371,1
6372,1
6373,0
6374,1
6375,1
6376,1
6377,0
6378,1
6379,1
6380,0
6381,0
6382,1
6383,1
6384,1
6385,1
6386,1
6387,1
6388,1
6389,0
6390,1
6391,1
6392,1
6393,1
6394,0
6395,0
6396,1
6397,0
6398,0
6399,0
6400,0
6401,0
6402,0
6403,0
6404,1
6405,0
6406,0
6407,0
6408,1
6409,0
6410,1
6411,0
6412,1
6413,0
6414,0
6415,1
6416,0
6417,1
6418,0
6419,1
6420,1
6421,0
6422,1
6423,1
6424,1
6425,1
6426,1
6427,1
6428,0
6429,1
6430,0
6431,0
6432,1
6433,1
6434,0
6435,1
6436,0
6437,0
6438,0
6439,1
6440,1
6441,0
6442,1
6443,0
6444,0
6445,0
6446,0
6447,0
6448,1
6449,1
6450,0
6451,0
6452,1
6453,0
6454,0
6455,0
6456,0
6457,1
6458,1
6459,1
6460,1
6461,0
6462,0
6463,0
6464,0
6465,1
6466,1
6467,0
6468,1
6469,1
6470,0
6471,0
6472,1
6473,1
6474,0
6475,0
6476,1
6477,0
6478,1
6479,1
6480,0
6481,0
6482,0
6483,1
6484,0
6485,1
6486,0
6487,1
6488,0
6489,0
6490,1
6491,0
6492,1
6493,1
6494,1
6495,1
6496,1
6497,1
6498,0
6499,1
6500,1
6501,1
6502,1
6503,0
6504,1
6505,0
6506,1
6507,0
6508,0
6509,1
6510,1
6511,0
6512,1
6513,0
6514,0
6515,1
6516,0
6517,0
6518,1
6519,1
6520,1
6521,0
6522,0
6523,0
6524,0
6525,0
6526,0
6527,1
6528,0
6529,0
6530,1
6531,1
6532,0
6533,0
6534,0
6535,0
6536,0
6537,0
6538,0
6539,1
6540,0
6541,0
6542,0
6543,0
6544,0
6545,0
6546,0
6547,0
6548,0
6549,0
6550,0
6551,1
6552,0
6553,1
6554,0
6555,1
6556,1
6557,1
6558,0
6559,0
6560,0
6561,1
6562,1
6563,1
6564,0
6565,1
6566,1
6567,1
6568,0
6569,1
6570,1
6571,1
6572,0
6573,1
6574,1
6575,0
6576,1
6577,1
6578,1
6579,1
6580,0
6581,0
6582,0
6583,1
6584,0
6585,1
6586,0
6587,0
6588,0
6589,1
6590,1
6591,0
6592,1
6593,1
6594,1
6595,1
6596,1
6597,1
6598,1
6599,0
6600,1
6601,0
6602,1
6603,0
6604,1
6605,0
6606,1
6607,0
6608,0
6609,1
6610,0
6611,0
6612,0
6613,1
6614,1
6615,0
6616,1
6617,1
6618,1
6619,0
6620,1
6621,0
6622,1
6623,1
6624,1
6625,1
6626,0
6627,0
6628,0
6629,1
6630,0
6631,0
6632,0
6633,0
6634,0
6635,0
6636,1
6637,0
6638,1
6639,1
6640,0
6641,1
6642,1
6643,1
6644,1
6645,0
6646,1
6647,1
6648,1
6649,1
6650,1
6651,1
6652,0
6653,1
6654,1
6655,0
6656,1
6657,0
6658,0
6659,0
6660,0
6661,1
6662,0
6663,1
6664,0
6665,0
6666,1
6667,1
6668,1
6669,1
6670,1
6671,0
6672,1
6673,1
6674,0
6675,1
6676,1
6677,1
6678,1
6679,1
6680,1
6681,0
6682,0
6683,0
6684,0
6685,1
6686,1
6687,0
6688,1
6689,1
6690,1
6691,1
6692,1
6693,1
6694,0
6695,0
6696,1
6697,1
6698,0
6699,1
6700,0
6701,0
6702,1
6703,0
6704,0
6705,0
6706,1
6707,1
6708,0
6709,0
6710,0
6711,1
6712,1
6713,0
6714,1
6715,0
6716,1
6717,0
6718,1
6719,0
6720,1
6721,1
6722,0
6723,0
6724,1
6725,0
6726,1
6727,1
6728,1
6729,1
6730,0
6731,0
6732,1
6733,1
6734,0
6735,0
6736,1
6737,0
6738,1
6739,0
6740,1
6741,1
6742,0
6743,1
6744,1
6745,1
6746,0
6747,0
6748,0
6749,1
6750,0
6751,1
6752,1
6753,0
6754,1
6755,1
6756,1
6757,1
6758,1
6759,1
6760,0
6761,0
6762,0
6763,0
6764,0
6765,1
6766,1
6767,0
6768,1
6769,0
6770,1
6771,0
6772,0
6773,0
6774,0
6775,0
6776,0
6777,1
6778,1
6779,1
6780,0
6781,0
6782,0
6783,0
6784,1
6785,0
6786,1
6787,0
6788,0
6789,0
6790,0
6791,1
6792,0
6793,0
6794,0
6795,0
6796,1
6797,1
6798,1
6799,1
6800,1
6801,0
6802,0
6803,1
6804,1
6805,1
6806,0
6807,1
6808,1
6809,1
6810,1
6811,0
6812,0
6813,1
6814,0
6815,1
6816,1
6817,0
6818,1
6819,1
6820,1
6821,0
6822,0
6823,1
6824,1
6825,1
6826,1
6827,0
6828,1
6829,0
6830,0
6831,1
6832,0
6833,1
6834,1
6835,0
6836,1
6837,1
6838,0
6839,1
6840,1
6841,0
6842,0
6843,0
6844,1
6845,0
6846,1
6847,1
6848,0
6849,0
6850,0
6851,0
6852,0
6853,1
6854,1
6855,0
6856,0
6857,1
6858,1
6859,0
6860,0
6861,1
6862,0
6863,1
6864,0
6865,0
6866,0
6867,1
6868,1
6869,1
6870,0
6871,0
6872,0
6873,0
6874,0
6875,1
6876,0
6877,0
6878,1
6879,1
6880,1
6881,1
6882,0
6883,0
6884,0
6885,0
6886,0
6887,1
6888,0
6889,1
6890,0
6891,0
6892,1
6893,0
6894,0
6895,1
6896,1
6897,1
6898,1
6899,1
6900,0
6901,0
6902,1
6903,1
6904,0
6905,0
6906,1
6907,0
6908,1
6909,0
6910,1
6911,0
6912,1
6913,1
6914,0
6915,0
6916,0
6917,0
6918,0
6919,1
6920,0
6921,1
6922,0
6923,0
6924,1
6925,0
6926,1
6927,1
6928,0
6929,1
6930,0
6931,0
6932,1
6933,1
6934,0
6935,1
6936,1
6937,1
6938,1
6939,0
6940,0
6941,0
6942,0
6943,0
6944,0
6945,1
6946,1
6947,1
6948,1
6949,1
6950,0
6951,1
6952,0
6953,0
6954,1
6955,1
6956,1
6957,0
6958,1
6959,1
6960,0
6961,1
6962,0
6963,0
6964,0
6965,1
6966,1
6967,1
6968,0
6969,1
6970,0
6971,0
6972,1
6973,1
6974,1
6975,1
6976,1
6977,1
6978,1
6979,0
6980,0
6981,1
6982,0
6983,0
6984,0
6985,1
6986,1
6987,1
6988,1
6989,1
6990,1
6991,1
6992,1
6993,1
6994,0
6995,0
6996,1
6997,0
6998,1
6999,0
7000,0
7001,1
7002,1
7003,1
7004,1
7005,1
7006,1
7007,1
7008,1
7009,0
7010,0
7011,1
7012,0
7013,1
7014,1
7015,1
7016,0
7017,0
7018,1
7019,0
7020,1
7021,0
7022,0
7023,1
7024,0
7025,0
7026,0
7027,1
7028,0
7029,1
7030,0
7031,1
7032,0
7033,0
7034,1
7035,1
7036,1
7037,1
7038,1
7039,0
7040,0
7041,0
7042,0
7043,1
7044,1
7045,0
7046,0
7047,0
7048,0
7049,0
7050,1
7051,0
7052,1
7053,0
7054,0
7055,0
7056,0
7057,0
7058,1
7059,1
7060,1
7061,1
7062,0
7063,0
7064,0
7065,1
7066,1
7067,0
7068,0
7069,1
7070,1
7071,0
7072,0
7073,0
7074,0
7075,1
7076,0
7077,1
7078,1
7079,1
7080,0
7081,0
7082,1
7083,0
7084,0
7085,0
7086,0
7087,0
7088,1
7089,0
7090,1
7091,0
7092,1
7093,0
7094,1
7095,0
7096,0
7097,0
7098,0
7099,1
7100,0
7101,1
7102,0
7103,1
7104,0
7105,0
7106,1
7107,1
7108,1
7109,0
7110,0
7111,1
7112,1
7113,1
7114,1
7115,1
7116,0
7117,0
7118,0
7119,1
7120,1
7121,0
7122,1
7123,0
7124,0
7125,1
7126,0
7127,0
7128,0
7129,1
7130,1
7131,1
7132,1
7133,0
7134,0
7135,1
7136,0
7137,0
7138,0
7139,0
7140,1
7141,0
7142,0
7143,0
7144,1
7145,1
7146,0
7147,1
7148,1
7149,0
7150,1
7151,0
7152,1
7153,0
7154,1
7155,1
7156,1
7157,1
7158,0
7159,0
7160,0
7161,0
7162,0
7163,1
7164,0
7165,0
7166,0
7167,1
7168,1
7169,1
7170,1
7171,0
7172,0
7173,1
7174,1
7175,0
7176,1
7177,0
7178,1
7179,1
7180,1
7181,1
7182,1
7183,1
7184,1
7185,0
7186,1
7187,0
7188,0
7189,1
7190,1
7191,0
7192,1
7193,1
7194,0
7195,1
7196,0
7197,1
7198,1
7199,1
7200,0
7201,1
7202,0
7203,0
7204,1
7205,0
7206,0
7207,1
7208,1
7209,1
7210,0
7211,1
7212,1
7213,0
7214,0
7215,0
7216,0
7217,1
7218,0
7219,0
7220,1
7221,0
7222,1
7223,0
7224,1
7225,0
7226,0
7227,1
7228,1
7229,1
7230,1
7231,1
7232,1
7233,0
7234,1
7235,0
7236,0
7237,1
7238,1
7239,0
7240,0
7241,0
7242,1
7243,0
7244,1
7245,0
7246,1
7247,1
7248,1
7249,1
7250,0
7251,0
7252,0
7253,0
7254,0
7255,0
7256,1
7257,1
7258,0
7259,0
7260,0
7261,0
7262,1
7263,0
7264,0
7265,0
7266,1
7267,0
7268,1
7269,0
7270,1
7271,1
7272,1
7273,1
7274,0
7275,0
7276,1
7277,0
7278,0
7279,1
7280,1
7281,1
7282,1
7283,0
7284,1
7285,1
7286,0
7287,1
7288,0
7289,1
7290,0
7291,1
7292,0
7293,0
7294,1
7295,1
7296,0
7297,1
7298,1
7299,1
7300,0
7301,0
7302,0
7303,1
7304,1
7305,0
7306,0
7307,0
7308,1
7309,1
7310,0
7311,1
7312,1
7313,1
7314,1
7315,1
7316,0
7317,1
7318,1
7319,1
7320,1
7321,1
7322,0
7323,0
7324,0
7325,0
7326,1
7327,1
7328,0
7329,1
7330,1
7331,1
7332,1
7333,0
7334,0
7335,1
7336,1
7337,1
7338,0
7339,1
7340,1
7341,0
7342,0
7343,0
7344,1
7345,1
7346,1
7347,1
7348,1
7349,1
7350,1
7351,1
7352,1
7353,0
7354,1
7355,0
7356,0
7357,0
7358,0
7359,0
7360,1
7361,1
7362,0
7363,0
7364,1
7365,0
7366,0
7367,1
7368,0
7369,1
7370,1
7371,0
7372,0
7373,1
7374,0
7375,0
7376,1
7377,0
7378,1
7379,0
7380,0
7381,1
7382,1
7383,1
7384,0
7385,0
7386,1
7387,1
7388,1
7389,1
7390,1
7391,0
7392,0
7393,0
7394,1
7395,0
7396,1
7397,0
7398,1
7399,0
7400,1
7401,1
7402,0
7403,0
7404,0
7405,1
7406,0
7407,1
7408,1
7409,1
7410,1
7411,1
7412,1
7413,1
7414,0
7415,0
7416,1
7417,0
7418,0
7419,0
7420,1
7421,0
7422,1
7423,0
7424,0
7425,0
7426,0
7427,0
7428,1
7429,1
7430,1
7431,0
7432,0
7433,0
7434,0
7435,1
7436,0
7437,1
7438,1
7439,0
7440,0
7441,0
7442,0
7443,1
7444,0
7445,1
7446,0
7447,0
7448,1
7449,1
7450,0
7451,0
7452,1
7453,0
7454,0
7455,1
7456,0
7457,0
7458,0
7459,0
7460,1
7461,1
7462,0
7463,1
7464,1
7465,1
7466,1
7467,1
7468,1
7469,0
7470,0
7471,0
7472,1
7473,0
7474,0
7475,1
7476,1
7477,1
7478,0
7479,1
7480,1
7481,1
7482,0
7483,1
7484,1
7485,0
7486,0
7487,0
7488,1
7489,0
7490,1
7491,0
7492,0
7493,1
7494,0
7495,0
7496,0
7497,0
7498,1
7499,1
7500,0
7501,1
7502,1
7503,1
7504,0
7505,1
7506,1
7507,1
7508,0
7509,0
7510,1
7511,1
7512,1
7513,1
7514,0
7515,1
7516,0
7517,0
7518,1
7519,1
7520,0
7521,1
7522,1
7523,0
7524,0
7525,1
7526,1
7527,1
7528,0
7529,1
7530,0
7531,1
7532,0
7533,0
7534,1
7535,0
7536,0
7537,1
7538,0
7539,1
7540,0
7541,0
7542,1
7543,0
7544,1
7545,1
7546,1
7547,1
7548,0
7549,0
7550,1
7551,0
7552,0
7553,0
7554,1
7555,1
7556,0
7557,0
7558,1
7559,0
7560,0
7561,0
7562,0
7563,0
7564,0
7565,1
7566,0
7567,1
7568,0
7569,1
7570,0
7571,0
7572,1
7573,0
7574,1
7575,1
7576,1
7577,1
7578,0
7579,1
7580,0
7581,0
7582,0
7583,1
7584,0
7585,0
7586,0
7587,1
7588,1
7589,0
7590,1
7591,0
7592,0
7593,0
7594,0
7595,1
7596,0
7597,1
7598,1
7599,1
7600,1
7601,1
7602,1
7603,0
7604,0
7605,1
7606,0
7607,1
7608,0
7609,0
7610,1
7611,1
7612,0
7613,0
7614,1
7615,1
7616,1
7617,0
7618,1
7619,0
7620,0
7621,1
7622,1
7623,1
7624,0
7625,0
7626,1
7627,1
7628,1
7629,0
7630,1
7631,1
7632,0
7633,1
7634,0
7635,1
7636,0
7637,1
7638,1
7639,1
7640,0
7641,0
7642,0
7643,1
7644,0
7645,1
7646,0
7647,0
7648,0
7649,0
7650,0
7651,0
7652,0
7653,1
7654,1
7655,0
7656,0
7657,0
7658,0
7659,1
7660,1
7661,0
7662,1
7663,0
7664,0
7665,1
7666,1
7667,0
7668,1
7669,1
7670,1
7671,1
7672,0
7673,0
7674,1
7675,1
7676,0
7677,0
7678,0
7679,1
7680,0
7681,1
7682,0
7683,1
7684,1
7685,1
7686,1
7687,1
7688,0
7689,0
7690,0
7691,1
7692,1
7693,0
7694,0
7695,1
7696,1
7697,1
7698,1
7699,1
7700,1
7701,1
7702,0
7703,1
7704,0
7705,0
7706,0
7707,1
7708,0
7709,1
7710,1
7711,0
7712,0
7713,0
7714,1
7715,0
7716,0
7717,0
7718,1
7719,0
7720,0
7721,0
7722,1
7723,1
7724,1
7725,0
7726,1
7727,1
7728,1
7729,0
7730,0
7731,1
7732,1
7733,1
7734,1
7735,0
7736,0
7737,1
7738,0
7739,1
7740,1
7741,0
7742,0
7743,1
7744,1
7745,1
7746,0
7747,0
7748,0
7749,0
7750,1
7751,1
7752,0
7753,0
7754,0
7755,1
7756,0
7757,1
7758,0
7759,0
7760,1
7761,0
7762,1
7763,1
7764,0
7765,0
7766,0
7767,1
7768,1
7769,0
7770,0
7771,1
7772,1
7773,1
7774,0
7775,0
7776,0
7777,1
7778,0
7779,0
7780,0
7781,1
7782,1
7783,1
7784,0
7785,1
7786,1
7787,0
7788,1
7789,1
7790,1
7791,0
7792,0
7793,1
7794,1
7795,1
7796,1
7797,0
7798,0
7799,0
7800,0
7801,1
7802,0
7803,1
7804,0
7805,1
7806,0
7807,1
7808,1
7809,0
7810,1
7811,0
7812,0
7813,0
7814,0
7815,0
7816,1
7817,0
7818,1
7819,1
7820,0
7821,0
7822,0
7823,1
7824,1
7825,1
7826,0
7827,0
7828,0
7829,1
7830,1
7831,0
7832,1
7833,0
7834,1
7835,0
7836,1
7837,1
7838,1
7839,0
7840,1
7841,0
7842,0
7843,0
7844,0
7845,0
7846,1
7847,0
7848,0
7849,1
7850,1
7851,0
7852,1
7853,0
7854,1
7855,0
7856,0
7857,0
7858,0
7859,0
7860,0
7861,1
7862,1
7863,1
7864,0
7865,0
7866,1
7867,0
7868,1
7869,1
7870,0
7871,0
7872,0
7873,0
7874,0
7875,0
7876,0
7877,1
7878,0
7879,1
7880,1
7881,0
7882,0
7883,0
7884,0
7885,1
7886,1
7887,1
7888,0
7889,1
7890,1
7891,0
7892,0
7893,1
7894,1
7895,1
7896,0
7897,0
7898,0
7899,0
7900,0
7901,1
7902,1
7903,0
7904,1
7905,1
7906,1
7907,1
7908,0
7909,1
7910,1
7911,1
7912,1
7913,0
7914,0
7915,1
7916,1
7917,1
7918,0
7919,1
7920,0
7921,0
7922,0
7923,1
7924,0
7925,1
7926,0
7927,1
7928,1
7929,0
7930,1
7931,1
7932,0
7933,1
7934,0
7935,0
7936,1
7937,0
7938,0
7939,1
7940,1
7941,1
7942,1
7943,0
7944,1
7945,0
7946,1
7947,0
7948,1
7949,1
7950,0
7951,0
7952,1
7953,1
7954,1
7955,0
7956,1
7957,0
7958,1
7959,1
7960,0
7961,0
7962,1
7963,0
7964,0
7965,1
7966,1
7967,1
7968,1
7969,0
7970,0
7971,0
7972,1
7973,0
7974,0
7975,0
7976,1
7977,1
7978,0
7979,1
7980,0
7981,0
7982,1
7983,1
7984,1
7985,0
7986,0
7987,1
7988,0
7989,0
7990,0
7991,0
7992,1
7993,1
7994,0
7995,0
7996,0
7997,1
7998,0
7999,0
